ticker,close,date,return_1d,return_1w,return_1m,return_3m,return_6m,return_1y,volume
AAPL,308.82,2026-05-22,1.2557788779959946,2.861139792825492,13.154659724423226,16.8283608203937,13.961396600937693,53.97555796320681,43605063
ABAT,3.23,2026-05-22,0.6230529595015583,3.1948881789137404,-10.02785515320334,-9.01408450704225,-4.1543026706231485,150.3875968992248,5281934
ACHR,6.36,2026-05-22,3.921568627450984,5.123966942148769,4.950495049504963,-8.225108225108217,-11.420612813370466,-40.0,79189482
ADBE,244.76,2026-05-22,0.27038099139696703,-1.1470113085621985,-4.368211299523328,-5.355554696260787,-24.501064190752338,-40.92631477324838,3778049
ADSK,240.99,2026-05-22,0.33306965319122833,1.8468430394725739,-2.6578341479177543,6.172349986782985,-17.128610729023382,-18.308474576271184,2184319
ADYEY,11.04,2026-05-22,1.0064043915827945,7.812499999999989,-2.731277533039652,-6.519898391193915,-26.498002663115848,-39.14002205071665,27826
AEIS,324.86,2026-05-22,0.33046110133110757,0.4328201323193082,-13.873644582305996,-1.8935161416966093,65.87954814341643,180.8482679323253,605911
AEP,131.59,2026-05-22,1.5276599027852709,5.1458250099880125,0.7032930030381732,2.4547405268878593,10.554190792723702,33.35684483724871,3280306
AGCO,112.84,2026-05-22,0.6691051833348202,-0.3884180790960432,-4.322366808916914,-17.873503069190328,6.948931979758936,11.052717563532518,424214
AI,9.29,2026-05-22,-0.4287245444801814,7.398843930635824,-1.0649627263045944,-10.500963391136816,-31.841526045487907,-59.12890453145623,4426068
AIQ,62.81,2026-05-22,0.3194377894905012,2.899737876802102,14.262324904493367,25.922213311948678,32.06948103695885,56.16763965827607,1986319
AIRR,125.06,2026-05-22,0.33697047496790894,-2.113337507827178,0.895522388059701,2.6276485745704,34.63250579449435,66.12381311668784,504448
AKAM,147.23,2026-05-22,0.6769693654266826,-2.419141039236483,51.61157450314076,56.34490814484442,65.40838108077742,91.00934094447327,3735200
ALB,171.58,2026-05-22,0.988816951147738,-4.878589644084701,-11.656883946040566,2.1286423283282874,47.68373748824031,201.33262147789623,1658002
ALT,2.9,2026-05-22,-1.0238907849829437,1.7543859649122744,-16.42651296829972,-33.789954337899545,-39.7089397089397,-49.740034662045055,1988383
AMAT,432.16,2026-05-22,1.123174840883567,-0.8984403933333872,7.2413202673092245,15.269132459479366,93.40067629373847,171.20005522400237,4797775
AMD,467.51,2026-05-22,3.985853777886523,10.235793444942223,54.05984314242404,133.579815138646,129.41898125429384,322.2834432300605,34611133
AMGN,339.3,2026-05-22,0.5571691067512285,3.9808770800772297,-1.173049398329408,-8.775927814415876,1.9822978207708557,28.5394276604877,1470684
AMKR,65.75,2026-05-22,-0.2276176024279297,-6.538734896943844,-8.996539792387544,37.41345042561595,105.96693251802797,255.5956971568569,5882515
AMSC,51.84,2026-05-22,4.896802913800085,-5.848165637486376,7.663551401869169,52.29142185663926,70.63857801184992,105.79595077411672,726693
AMT,183.85,2026-05-22,0.038089019479809104,7.747758307448866,4.276558334751286,-0.8665081393530573,4.418459888771757,-9.337878028008854,2069878
AMZN,266.32,2026-05-22,-0.7971392386202736,0.8253199061103986,4.291979949874678,26.752653372043206,20.676061443653992,31.127523387493845,26386815
APD,289.47,2026-05-22,-0.24811330507597454,-2.0008125126955,-2.4565305297209745,3.5937701304092755,14.003615411577988,10.398141915406068,823890
APP,481.68,2026-05-22,-0.8664512543991396,-3.8562874251496995,-0.4196729445328756,15.047291487532243,-7.415523007726903,37.047258656499835,3778503
ARKG,30.67,2026-05-22,0.45856534556174444,8.952042628774434,-0.6800518134714939,6.456091634849022,5.685733976567891,47.31027857829011,2039467
ARKQ,136.25,2026-05-22,2.090514011688889,3.1649882637995055,4.031457585706652,9.02180436087218,33.92137512925256,75.28534524458898,232743
ARKX,35.42,2026-05-22,2.7858386535113198,4.669030732860515,4.917061611374419,8.817204301075284,36.17839292579777,73.79784102060846,2054986
ARM,306.51,2026-05-22,2.7763806458102716,46.543316121629374,55.929185531871596,144.07548972766364,132.96344151402295,137.09003712871285,13736758
ARTY,68.78,2026-05-22,0.9837028336514487,4.528875379939215,12.238903394255875,34.20487804878049,54.73565804274465,89.16391639163918,773305
ARVR,55.7295,2026-05-22,1.8616000438668696,3.0036374121143625,10.725553930762626,19.0549435055405,19.006639062630136,32.617293469259565,448
ASML,1632.9,2026-05-22,2.5690954773869406,8.728793340782579,13.355403239511249,11.355316750945244,69.52988653364383,122.18122117624202,1645390
ASTS,105.86,2026-05-22,10.007274238802863,26.52085574279909,25.041341837940003,31.995012468827927,106.07358380377654,333.6747234739861,29630727
AVAV,174.23,2026-05-22,6.830584339934996,10.27215189873417,-17.072822465492628,-34.160903903563465,-36.07176928157336,3.931042710570272,1145645
AVGO,414.14,2026-05-22,-0.10372192874544874,-2.598838166466759,-2.0134863362119937,24.75836238607973,22.22305840966003,81.1046623496115,14017536
BATT,16.71,2026-05-22,0.23995200959807525,0.6020469596628623,-1.7636684303351011,6.84143222506394,35.60229817898529,96.06002651679594,44026
BBP,86.1147,2026-05-22,-0.463844837949057,0.339885578457996,-1.3012034383954163,2.66416309012876,12.179639158470655,54.79346419327007,4030
BE,302.49,2026-05-22,-1.7506820839287989,9.617684363109266,31.66050054406965,105.00847170450693,236.13734859428828,1546.6521502449646,9317348
BEAM,28.64,2026-05-22,3.5056017347307513,2.5420694593626956,-9.624487219943202,3.805726712577023,28.950923007654204,66.12529002320187,1304973
BEP,35.52,2026-05-22,0.48090523338048574,3.345941227814972,6.8270676691729415,12.923941655963493,27.936377585200884,64.19966531374526,1141609
BETZ,18.4347,2026-05-22,-0.19112073632917945,1.1728225673673198,-2.368922783603442,2.96989331396973,-4.870346002012537,-8.34435439765326,2615
BIOA,16.61,2026-05-22,-0.7765830346475449,-5.945639864099665,-9.531590413943356,-19.01511457825452,92.02312138728323,311.13861386138615,211094
BITQ,26.82,2026-05-22,-0.408466394355735,1.6294050776809386,7.7541181197267965,41.23222748815167,36.836734693877546,51.35440180586909,90336
BJK,35.6249,2026-05-21,0.3518309859154836,0.48203305691881326,-4.324157378810266,-3.4817122730967216,-8.832696973109096,-3.919812936407554,741
BKCH,86.27,2026-05-22,-1.1798396334478822,3.3173652694610727,12.345357468420353,40.02596981009576,33.34466822263782,89.49028497124807,92176
BKSY,47.87,2026-05-22,7.211646136618138,23.535483870967735,17.732415150024597,140.79476861167,212.26353555120676,345.3023255813953,2020907
BLDP,5.54,2026-05-22,2.02578268876612,24.494382022471907,58.285714285714285,162.55924170616117,104.4280442804428,329.4573643410853,16895161
BLK,1073.0,2026-05-22,0.8695652173913043,-0.8226268601534421,0.9910868071569054,-1.3410808935095981,6.849703295402189,12.9099179840455,332211
BLOK,63.92,2026-05-22,-0.5909797822705996,1.8645418326693253,4.189079054604727,20.01502065339843,15.894520031330691,26.83319807369104,212236
BMI,125.84,2026-05-22,4.657351962741192,10.16370480609297,1.845257364842992,-20.836326714971776,-28.906163932759156,-47.914230664958616,509968
BOTT,55.4156,2026-05-22,0.9391621129326032,0.33241599073000877,6.996447327772621,-5.915789473684212,57.264035553234784,96.5238546132868,56147
BOTZ,40.29,2026-05-22,1.6141235813366974,0.14914243102163133,7.8137543484078185,3.254741158380307,20.82408684699815,31.91281770886196,975767
BSX,57.78,2026-05-22,1.102362204724414,9.681093394077452,-10.929551410513339,-22.526146419951726,-40.35920726672171,-44.708133971291865,11685544
BSY,33.16,2026-05-22,-0.5398920215957013,3.3988150919862687,-5.848949460533794,-1.8386020585475473,-19.16315829248018,-29.978968351169417,1673946
BUG,34.35,2026-05-22,2.629220197191523,8.462267129775812,25.319226559649767,34.33711380524052,10.742149719517702,-0.9701180574575148,764898
BWXT,202.91,2026-05-22,0.19257357298043962,-0.7514442667830189,-7.265349250549911,-1.4425400439770932,19.817513162152522,89.59830313676754,456669
BYDDY,11.61,2026-05-22,0.6065857885615277,-4.679802955665028,-14.695077149155033,-6.446414182111207,-3.250000000000005,-36.8421052631579,602613
CAMT,167.37,2026-05-22,4.221931627124977,-0.582120582120576,-9.95803744351194,13.011478730587447,77.29872881355931,157.49230769230772,472122
CARR,63.14,2026-05-22,1.543904792537795,-2.3658574300293815,4.476401802275847,-1.2085291743073294,21.420975406194888,-10.729434120188671,3866382
CAT,879.89,2026-05-22,1.6097927132051433,-0.9478672985781944,8.780150085922333,16.03511714352292,60.53407606654019,157.65891709402885,1974719
CB,327.89,2026-05-22,-0.7176164234239704,1.1537868270862284,0.7559229327351441,-0.8328900064389476,10.598335341411515,15.696332148577097,1396195
CCJ,104.75,2026-05-22,-0.5506503370359805,-2.5672030508789927,-17.17403336759706,-13.679439637412438,32.11730755647936,98.73869703305418,2515422
CDLR,26.71,2026-05-22,0.7924528301886825,-7.385575589459082,3.527131782945737,0.26276276276276384,67.77638190954775,41.173361522198725,74963
CDNS,373.59,2026-05-22,4.220833565809294,7.588411473332555,12.659449353155802,26.09356014580802,24.289706567303213,17.989451410163277,2175936
CEG,294.07,2026-05-22,2.8828324528565963,10.0561377245509,2.565444021840544,0.02765412412109677,-12.773478296592714,1.4224387531872364,2709258
CEVA,39.43,2026-05-22,2.5754422476586942,7.997808819501512,59.57102387697289,102.62076053442959,107.5263157894737,99.44360141628731,728763
CGC,1.04,2026-05-22,-2.803738317757012,0.0,-24.637681159420282,-12.605042016806717,-6.306306306306311,-46.1139896373057,3722902
CHAT,89.84,2026-05-22,1.2395762902862393,5.088314422739512,14.606454904962371,35.48484391494496,62.02305185495114,121.494645076034,870130
CHKP,133.63,2026-05-22,1.4423441888711803,7.740062888010961,-5.68181818181819,-15.977112676056338,-28.57066495616849,-40.57191141154497,1312485
CHPS,85.8866,2026-05-22,1.7734328711932705,5.2402891802475215,25.28130697979723,46.60469276489406,107.21930552606689,190.85706158055865,29507
CHRS,1.61,2026-05-22,2.5477707006369448,2.5477707006369448,-10.555555555555554,-1.2269938650306624,38.79310344827588,107.71513353115726,910654
CHWY,20.73,2026-05-22,4.014049172102362,-2.5845864661654168,-23.335798816568044,-21.625708884688084,-37.729047762090715,-52.81129068973367,6096958
CIBR,84.28,2026-05-22,2.5928180158247054,6.616065781151176,22.304455086344515,32.12288619842575,18.304821609299314,18.515268613984457,1594641
CLH,286.92,2026-05-22,1.5430351075877737,-5.543850408217006,-5.742444152431,0.7833081597527198,32.196830077405096,25.996838222378365,254256
CLIX,58.3502,2026-05-22,-0.33784245405479413,0.3132306422775438,-3.6839325212109206,10.295121135194703,0.9833512166418685,19.78486014883244,453
CLSK,15.97,2026-05-22,1.3324873096446754,21.815408085430978,30.794430794430788,65.4922279792746,64.13155190133607,61.80344478216821,21074419
CNH,10.11,2026-05-22,-0.394088669950748,-2.132561493857874,-2.5062922496841824,-21.84057332374702,5.34102986225435,-21.237759132446776,5993529
COHR,377.57,2026-05-22,-0.11375661375661555,-1.2759837887305518,7.732473535537982,52.13554678056249,170.64009748405132,378.6637931034483,3977750
COIN,184.99,2026-05-22,-4.427567679272573,-5.342066212966278,-10.303529868114818,7.9603151444412115,-23.05228567863233,-31.97646626218054,7779986
COPX,83.35,2026-05-22,0.3974945796193668,0.3612281757977088,-1.8256772673733939,-6.442922886968244,46.09402250216028,113.31702210972708,1853913
CORZ,25.26,2026-05-22,1.7727639000805853,4.337050805452295,19.207173194903255,46.01156069364162,71.4867617107943,133.2409972299169,11425740
COST,1028.24,2026-05-22,-2.114331952972539,-1.9743553076886446,2.5936055400387303,4.5126739811173024,14.69713804850891,1.5615091915417858,1998521
CRM,180.07,2026-05-22,2.1326073393454656,3.7807619157397285,-5.12644889357219,-2.5057648129569374,-20.385819506115315,-35.9911787476637,9981179
CRON,2.74,2026-05-22,0.36630036630037477,4.182509505703434,-2.142857142857129,1.4814814814814827,15.611814345991565,33.65853658536588,766619
CRSP,50.36,2026-05-22,0.9218436873747512,4.028093369138614,-10.740872031194614,-5.798728020950246,0.2588094764085259,34.18598454569677,1530231
CRWD,663.46,2026-05-22,2.3494747234777806,11.678561809857255,42.16593811605383,70.73082861554298,35.21511402775796,49.40437318440787,2724252
CSCO,120.41,2026-05-22,1.8697123519458494,1.8610946620421307,34.08685968819599,52.85655527514432,59.93465007238964,94.4153814358418,21670360
CTVA,79.56,2026-05-22,0.6578947368421002,-3.223452134776781,0.26465028355388526,4.493647111977375,21.990300268482933,17.131600798544262,1363432
CWST,87.41,2026-05-22,0.21783994496674813,2.6179854425921456,8.127164769915876,-8.432851456107269,-8.037874802735404,-24.320346320346324,442193
CXM,5.27,2026-05-22,-0.18939393939395216,3.1311154598825683,0.5725190839694534,-5.72450805008945,-25.879043600562596,-35.731707317073166,2139571
DAR,58.6,2026-05-22,1.2789491876944383,-6.044572711239372,-2.7385892116182546,13.565891472868216,75.55422408627919,84.799747713655,1964696
DE,529.15,2026-05-22,-0.4140397101722114,-5.816706121068662,-8.765668373592653,-19.893483993835517,9.295926854865376,3.9629705962501727,1763046
DELL,295.19,2026-05-22,16.76819620253164,21.984379519814862,37.521546703936636,142.17180998385467,142.75473457669852,167.6894588263886,15070171
DFEN,65.96,2026-05-22,2.7094363126751713,11.23102866779089,6.181584030907914,-26.822503522415886,28.313118246102047,88.48083759101141,207688
DFLI,2.14,2026-05-22,6.467661691542307,15.675675675675677,-0.9259259259259267,-13.709677419354833,-71.46666666666665,-47.02970297029702,570782
DKNG,25.12,2026-05-22,-1.1023622047244002,0.4800000000000039,11.793502447708065,12.595248767368904,-16.238746248749575,-27.960997992543724,9500935
DLR,192.03,2026-05-22,-1.153034436608848,1.867274945626232,-4.396096783829539,10.050953654582257,23.988473456084275,17.672507295168458,1692472
DNA,8.41,2026-05-22,4.084158415841585,9.079118028534374,-0.3554502369668171,-8.785249457700656,2.9375764993880074,22.773722627737232,873699
DOCS,19.94,2026-05-22,2.83651366683858,5.113336847654204,-17.807089859851608,-21.956947162426612,-60.45220150733835,-61.100273117440494,2819374
DRIV,40.4052,2026-05-22,2.3434650455927146,2.7860595268379504,12.907841055161235,24.181170533510766,45.78557125074418,84.97839144447701,67617
DTCR,30.47,2026-05-22,-0.26186579378069347,2.7309507754551543,8.434163701067607,19.25636007827788,55.42667095148464,77.88857297985253,957474
DXCM,72.1,2026-05-22,0.27816411682891323,16.98847963654063,13.704463018451346,-1.3409961685823808,19.707786817200727,-15.006483555345993,6726842
EBAY,115.75,2026-05-22,-1.1781780927174896,-0.32721949539309003,9.580611568683144,31.868857987208433,44.16957081684049,62.68881389664658,3989813
EBIZ,27.6327,2026-05-22,-0.278960664020213,2.1541589648798487,-4.976960110041261,-5.091190108191649,-11.057644336151878,-6.4037556777189515,3375
EFRA,34.6153,2026-05-22,0.8163681374690458,1.1285751847848273,-2.6949457468938,-6.583996761570643,8.303792398932448,10.7473421188184,61
EH,9.78,2026-05-22,3.492063492063493,3.601694915254236,-11.49321266968327,-19.836065573770494,-30.980945659844743,-43.59861591695502,898648
EL,88.32,2026-05-22,11.924977822836139,10.014947683109108,15.2100182624576,-22.43970679539521,-1.079811522992338,39.29017524823678,8104150
ELAN,21.73,2026-05-22,1.9230769230769238,9.415911379657608,-3.2502226179875353,-13.010408326661329,-2.3370786516853914,71.50749802683505,4713672
EMR,136.42,2026-05-22,1.1267605633802682,2.5328823750469565,-4.06152664680198,-7.8378995526334805,7.235781943953137,18.141092090643532,2950713
ENPH,64.03,2026-05-22,2.710940006416422,21.062582718850447,81.08031674208145,37.521477663230236,137.76457482361678,68.45566956064195,10828078
ENVX,6.68,2026-05-22,6.031746031746031,9.328968903436978,-4.571428571428576,12.268907563025202,-10.575635876840698,-13.695090439276491,11133837
EQIX,1079.79,2026-05-22,0.1270377033066793,2.42492642468056,-1.5558118438626851,17.555557708740615,44.57054131712507,27.449317535514812,425927
EQNR,38.81,2026-05-22,0.3620377553659182,-1.6970618034447686,3.25790530922829,36.04130664152188,72.88999367421307,74.30867141849802,2745156
ERTH,49.5606,2026-05-22,-0.18006042296072045,-0.5805416248746249,-0.680160320641278,0.09512557181374849,9.174176522549402,19.759613758173565,1083
ETN,391.35,2026-05-22,2.579224659904074,-2.0253354696575143,-5.180004138304656,5.430158278591015,18.674484697708326,23.29700637325961,2327691
ETSY,62.38,2026-05-22,2.700032927230821,7.422076803857418,-5.570693309112927,19.547719432732855,17.498587304577132,30.066722268557132,2512620
EVEX,3.05,2026-05-22,3.7414965986394515,2.006688963210689,5.172413793103446,-1.6129032258064602,-16.20879120879122,-30.681818181818194,971612
EVTL,2.62,2026-05-22,0.3831417624521162,2.745098039215698,-2.6022304832713696,-40.45454545454546,-33.838383838383834,-51.83823529411765,3415263
EVX,39.1362,2026-05-22,0.5035939815254744,-0.03524904214558432,-0.9460895975702245,-6.035534213685465,4.136875856471945,5.8831168479804825,5441
EXPE,214.65,2026-05-22,-1.5908674124335225,-1.4145960593395417,-18.877551020408166,5.718345445098122,-13.081049036622977,34.6428154744207,1546316
FAN,26.18,2026-05-22,-0.19062142584826805,1.355013550135507,1.2765957446808445,11.404255319148934,36.61815278480814,58.61379540153281,36266
FAST,43.94,2026-05-22,0.941879163795076,1.5718908922792412,-1.4190364013685575,-4.426318651441009,11.296859169199598,10.16783420167182,5582896
FCX,61.99,2026-05-22,-0.5135612261274278,-1.6187906681479065,-11.89596361569073,-3.4402619371761958,56.211019693323415,66.34197914486433,7837990
FINX,24.8172,2026-05-22,-0.264437567817383,-0.13199195171026848,-6.702255639097751,4.230155396892067,-13.186809342740908,-17.60037983803759,62943
FIVN,22.76,2026-05-22,4.212454212454221,5.175600739371538,37.19107896323087,17.805383022774336,20.16895459345301,-15.578635014836792,2120370
FIW,102.23,2026-05-22,0.9081038396999326,2.0565039432963985,-5.630942490538166,-9.444986256861604,-6.122040429140637,-1.3899740525315685,77075
FLUT,97.38,2026-05-22,0.26771004942338433,5.412426932236415,-8.657724416096055,-19.533961328706003,-49.624954735916404,-59.11323844312886,1677292
FRPT,51.58,2026-05-22,0.5458089668616006,4.518743667679832,-21.80109157064887,-30.77439269896659,-4.4814814814814845,-39.23901519613618,1701101
FRSH,9.08,2026-05-22,0.11025358324145298,1.3392857142857053,1.9079685746352406,21.715817694369974,-23.375527426160332,-37.935748462064254,8195476
FSLR,257.85,2026-05-22,3.6041465766634633,10.489780177400702,36.638227968841086,6.602447494625445,3.1771437717578435,64.91845219059805,2380342
FTI,70.99,2026-05-22,-0.5881529197591397,-0.3390353986649194,-1.649746192893415,11.976907424641539,61.0652678484321,141.13369180131858,5536946
FTNT,133.93,2026-05-22,3.4528039548895397,9.081283596676988,53.783442415891614,67.41250000000001,69.84338342527424,29.251109824358235,5628418
FTXL,247.93,2026-05-22,2.7178191158801845,5.709047497228624,27.097964833136828,56.15995041781433,117.6399587420721,200.57987073841076,190324
GCT,38.19,2026-05-22,-0.9338521400778196,5.9068219633943295,-20.05442746493616,9.020839280616604,9.489678899082554,104.00641025641026,461818
GD,342.89,2026-05-22,1.2340940627675612,2.508221225710011,6.905905094469034,-1.9740693983222286,1.6307031484800012,26.048551244880613,523620
GERN,1.28,2026-05-22,1.5873015873015885,-0.7751937984496131,-17.419354838709676,-31.914893617021274,14.285714285714276,-13.513513513513512,6611918
GEV,1038.74,2026-05-22,-0.48666441404306937,-0.9997807916281471,-7.877194306538509,25.173798940564556,87.12819454097439,126.89072509840764,1471350
GFL,35.72,2026-05-22,-0.6674082313681924,-3.693717983283916,-9.775195756504178,-16.25481792690818,-20.771699615614097,-26.650868813477185,2070101
GILT,15.73,2026-05-22,2.408854166666673,3.554970375246879,-10.77708451503119,6.355645706558495,44.71021159153635,178.90070921985816,742299
GLBE,29.95,2026-05-22,-0.6303915063039193,7.3861599139476475,-8.828006088280068,-16.990022172949,-16.573816155988858,-6.726876362503893,623743
GLUX,0.0001,2026-05-21,0.0,0.0,0.0,0.0,0.0,0.0,0
GNR,73.78,2026-05-22,-0.2028946300554655,-0.21639166892074196,-1.099195710455755,0.7098007098007043,27.649708990498073,43.47135337161569,235455
GOOGL,382.97,2026-05-22,-1.2098230408089556,-3.4805181712787805,12.863963220558775,21.671097578333107,27.975111402205844,124.90656543708116,19134802
GOOS,9.81,2026-05-22,0.0,2.5078369905956133,-18.249999999999996,-21.204819277108424,-21.582733812949634,-14.022787028921996,258743
GPCR,39.19,2026-05-22,1.0311936065996354,1.2923235978288963,-15.720430107526887,-41.11194590533434,14.189976689976683,58.985801217038535,721543
GRID,192.5,2026-05-22,0.79589485810033,0.3754301804150583,4.625251372357188,9.552150807498952,31.53030902448241,51.070323431752705,514547
GSAT,83.0,2026-05-22,0.3506226574779425,1.24420590387899,2.040816326530608,38.10316139767055,46.12676056338029,348.89129259058956,743508
GUNR,54.26,2026-05-22,-0.4403669724770679,-0.458631443771785,-1.0395768739741023,1.1190935435477345,26.55659244159061,43.813577740435846,397356
GWRE,140.26,2026-05-22,3.352737454866983,7.776240971261722,-1.9092244212882148,9.869967100109662,-34.14714305835955,-32.56730769230769,1545184
HACK,94.85,2026-05-22,2.3193096008629897,7.11462450592885,17.084310578940855,27.88189294863151,17.562484119458855,17.562484119458855,79923
HAIL,40.63,2026-05-22,2.6170764109532323,3.410537032323755,7.084497390754316,15.476329199907923,28.72830501923163,47.30300986854032,2337
HEAL,24.81,2026-05-22,0.4250151791135416,2.6903973509933716,-4.6502690238278275,-6.182643221781061,-17.237100196149076,-19.098969253695337,6227
HERO,25.52,2026-05-22,0.27504911591355713,-1.1235955056179743,-5.979442213462038,-6.4858922682301205,-15.308797663690967,-9.367597495534078,16369
HIMS,23.75,2026-05-22,-1.082882132444821,-5.189620758483036,-18.13167873147191,51.951375559820846,-31.57591472198214,-55.62406576980569,13074247
HLX,10.08,2026-05-22,0.3984063745020013,0.2985074626865608,4.672897196261674,12.751677852349,56.765163297045106,63.10679611650486,1200888
HON,227.92,2026-05-22,1.8409294012511064,6.884261864565737,4.183570060845361,-5.598874741237711,21.203225988285954,10.495951907693787,5070537
HOOD,73.64,2026-05-22,-3.003161222339306,-4.537205081669692,-16.725093294130957,-3.245302851136511,-31.36999068033551,13.694611702948903,20601616
HRTS,34.3634,2026-05-22,0.707461461813489,3.0819534437245024,1.1164077212805932,-4.0717994528502155,-0.08867851566703258,28.368211465329807,1285
HUBB,475.01,2026-05-22,3.0435159876784184,-1.0333979207033848,-13.595270577535246,-9.574110642027428,13.285619230007892,23.50150330665063,752222
HUBS,201.97,2026-05-22,1.8147905429248343,1.8096582316765821,-13.224489795918368,-13.503211991434691,-43.16307865484734,-67.82892640968461,1301919
HYDR,71.28,2026-05-22,5.319148936170204,9.057527539779684,38.63658465428377,84.1860465116279,113.11901836088512,312.4140803999167,148741
IAK,134.11,2026-05-22,-0.13403827537417412,1.5907885766230003,1.4294357888367983,0.37873117571330217,2.296737579996815,3.5643240171003536,19016
IBB,168.79,2026-05-22,-0.1597066130367977,1.1748486483246294,-3.1945400321174704,-3.140488469420021,0.9407541941035759,39.347537497275624,971692
IBLC,52.0575,2026-05-22,-1.1253561253561275,2.8723025847759036,11.352941176470582,36.88895316731966,27.870845717373683,63.50590326744832,8438
IBUY,65.5524,2026-05-22,0.707306581453953,3.635242597189075,-6.573932872514787,0.10903926329776766,-6.336587261670699,-1.4105816938711346,6644
ICE,152.97,2026-05-22,0.976962175721163,-0.9004923555325308,-3.683415187004152,-0.35442998395588055,-0.3289788753731015,-11.053507446804806,2827528
ICLN,22.41,2026-05-22,1.036970243462581,2.845341899954112,12.896725440806037,18.508725542041248,40.539455778046744,83.18102306723993,5503931
IDGT,124.7,2026-05-22,3.0493347657218393,6.617647058823538,7.351928374655653,28.688175238826485,50.07389364129572,59.39972645115109,28120
IDNA,29.45,2026-05-22,-0.10176390773406084,2.221450885109339,-4.63082901554404,-0.6074924063449197,12.103355868201476,47.88145380775913,18394
IDRV,42.74,2026-05-22,0.42694374540336266,-1.0419078490391196,-2.6556734842618246,7.622189207564276,18.460621682672983,40.200098409053645,21600
IDU,114.48,2026-05-22,0.7835196760278199,3.060857039971197,0.8279020609476816,-1.7585291926830349,3.919870590349835,13.742832701263119,425600
IDXX,559.37,2026-05-22,1.1390963169219002,5.783014050946508,-3.281749805481113,-12.00169902148947,-22.942238018487135,10.80363686785651,464364
IFRA,60.94,2026-05-22,0.7272727272727235,0.577653078065678,2.368553670418271,1.5434809051933103,19.704725724140907,31.67020653684021,259489
IGV,94.01,2026-05-22,1.6544117647058834,2.4297232512530007,5.938697318007675,16.37781629116118,-6.847007530717396,-8.470450783760091,9527689
IHAK,56.03,2026-05-22,2.713107241063252,7.440076701821674,16.680549770928774,29.48925352438178,16.597751284489778,8.357636283466524,123446
IIPR,57.06,2026-05-22,1.1881539280014217,5.705816969247881,2.166517457475382,29.6847655628537,28.26074740095534,18.88961351499455,172284
INTU,319.94,2026-05-22,4.191226756114243,-18.59033078880407,-21.71381031613977,-15.667134801843858,-51.51627934042501,-51.57516920462889,12331140
IONQ,63.64,2026-05-22,8.065885549329257,22.502406159769002,34.37500000000001,99.49843260188089,52.57731958762887,38.98231054815462,52398688
IOT,31.15,2026-05-22,3.316749585406302,5.378890392422192,-2.77777777777778,16.274729376633072,-15.168845315904141,-32.488079757260515,3352351
IPAY,45.2402,2026-05-22,-0.24211686879823574,1.0728328865058165,-7.1233832888523905,-1.5447225244831366,-9.323557531382846,-18.75474781578026,18958
IRDM,48.84,2026-05-22,6.870897155361051,17.347429120615104,20.891089108910904,114.38259655776348,208.61779165139586,96.61123389249182,2200850
IRM,126.46,2026-05-22,-0.6832639597895268,1.1113776285280248,7.873411242855916,15.596157520103176,51.52477344973478,36.63079649077315,653411
ISRG,438.1,2026-05-22,-0.3865393360618437,4.032104863221889,-9.412348538108429,-13.08401944251562,-21.992129769769058,-19.26953765640259,2000166
ITRI,83.02,2026-05-22,1.4294441050702527,4.770318021201415,-7.426404995539708,-16.59634317862167,-13.240673006583762,-26.05326445176806,598242
IXP,123.2602,2026-05-22,-0.2587797378216546,0.2359925185004462,0.39110604332952953,1.340294335279127,5.305415966824485,21.56113994696132,8296
JCI,138.36,2026-05-22,2.1333136487783384,-3.298853788090578,-1.0371218081682203,-3.4797112762568703,22.63543877002932,43.23960022113313,3502457
JOBY,10.92,2026-05-22,4.999999999999996,5.405405405405411,19.474835886214432,10.638297872340434,-16.449885233358838,64.45783132530121,35718870
KARS,35.49,2026-05-22,0.08460236886633146,-0.07039279177811791,-2.204464039680345,8.465770171149153,22.22252834295319,63.99351234456658,9600
KEYS,346.56,2026-05-22,2.669234187527771,-0.701985616457978,2.239136206743952,42.30105937423011,100.66006600660064,114.26981575367874,1181280
KIE,57.61,2026-05-22,-0.4664823773324172,1.9104900053069136,-0.535220994475142,0.37302316019088816,-1.327395735205958,1.4703602981583532,1979581
KO,81.48,2026-05-22,0.38191450043119657,0.8166295471418099,9.178614498191088,2.7557923092056593,13.250818316387877,17.855004209107296,8065809
KOMP,70.539,2026-05-22,1.8907987866531812,3.963154016212244,5.946230099128873,12.019297955864984,23.47038261658,43.33582593005015,53497
KOPN,5.14,2026-05-22,5.97938144329897,1.7821782178217795,60.12461059190031,124.45414847161571,125.43859649122808,272.46376811594206,7717650
KRBN,32.2825,2026-05-22,1.2943206777533662,0.7474331367225279,4.98373983739837,6.367380560131787,-2.5628101268879258,11.996350339640442,9801
KTOS,56.18,2026-05-22,2.762026705688674,7.851794970243802,-18.116892581256376,-41.52789342214821,-18.744576222157942,59.60227272727271,2847226
LCTX,1.3,2026-05-22,-1.5151515151515165,4.0000000000000036,-20.245398773006126,-28.176795580110497,-25.287356321839077,116.66666666666667,763447
LIN,517.58,2026-05-22,0.5966842238246195,2.2663057438106393,4.641947353523925,4.593776106511949,26.285596053959427,14.283518867224625,1320582
LIT,85.28,2026-05-22,1.0666034605356787,1.4272121788772631,0.6016279344107647,16.630196936542664,41.8338275674534,128.17086059049376,709796
LITE,946.9,2026-05-22,-1.8247796785899453,-2.4518388791593764,8.390567765567761,41.800320469622775,270.476153214132,1147.8914074855036,3018401
LLY,1065.0,2026-05-22,2.24163586617385,5.978585360028664,15.773906713842997,5.677281230166901,0.8411763781296097,49.9627838837742,2749877
LMT,533.24,2026-05-22,1.998890567914468,3.339082575919075,-3.995102893253865,-18.565578883983125,17.218661692794516,16.4493051127281,1046959
LOUP,89.01,2026-05-22,2.239834596829776,3.7170822652062596,7.204798381268968,16.013242270997342,23.659349819394276,65.37017391643614,11561
LRCX,305.35,2026-05-22,1.0289835892006398,7.245715088508005,14.987761250235366,24.82274026282474,114.66468792246623,272.56205808966627,7840843
LRNZ,54.2423,2026-05-22,1.4633370744481842,7.442408636228584,18.705109968267863,29.896786244551933,18.611663860401038,33.316046894585504,6472
LSCC,143.22,2026-05-22,2.777179763186225,19.240696028640414,23.903451855696854,46.50163666121112,112.93487957181088,201.96078431372547,1748176
LUNR,38.26,2026-05-22,11.740654205607465,12.894659191501912,27.78891115564461,118.00569800569798,343.85150812064967,233.85689354275735,14540084
LUXE,6.98,2026-05-22,-3.190013869625514,-8.03689064558629,-23.548740416210297,-28.189300411522634,-21.83650615901455,-24.78448275862068,385852
LZAGY,62.67,2026-05-22,-1.50872230080151,4.985425670921699,-2.4143381007622167,-8.541924486889114,-4.242542775331342,-6.356603973755336,6995
LZM,5.09,2026-05-22,8.760683760683765,4.089979550102253,5.601659751037335,21.479713603818603,33.595800524934376,62.61980830670927,482152
MARS,41.24,2026-05-22,5.988177846312016,13.079243213600227,24.856191341204966,0.0,0.0,0.0,405720
MEG,22.14,2026-05-01,5.1781472684085506,0.0,6.493506493506501,-4.114335210047637,-12.107979356887656,12.27180527383368,415841
MELI,1664.42,2026-05-22,-0.8033851838607794,7.603390203063087,-10.562176917538068,-16.648554988557084,-14.722970826630046,-36.131480692706475,399025
META,610.26,2026-05-22,0.4741677368369053,-0.6463376910929175,-9.55359260137539,-6.844628545513194,2.8659041651032684,-3.834001848752154,11103030
METV,18.94,2026-05-22,0.2646903123345723,1.7732401934443947,5.6330172894590165,14.027694160144502,3.176462256699125,22.57233644617885,39243
MGM,38.4,2026-05-22,1.9649495485926767,3.8680010819583437,-2.1406727828746264,4.37618918184289,17.97235023041475,22.48803827751195,4645830
MGTX,9.24,2026-05-22,-2.634351949420443,-1.7021276595744694,-7.876370887337979,24.026845637583893,23.860589812332446,82.60869565217394,369017
MJ,24.98,2026-05-22,-2.8015564202334584,0.32128514056225643,-17.50330250990753,-3.2907471931862093,0.21784744259941086,26.541239881259937,126517
MNDY,79.055,2026-05-22,3.665093102543931,9.84437960261221,13.356753656438217,4.597777189732745,-46.166155941436834,-72.71048362042183,1298145
MOD,260.52,2026-05-22,4.162168645795837,-3.959301039593014,2.9113174007505336,15.09100547799963,82.13087248322147,188.34532374100718,1239886
MOO,80.27,2026-05-22,-0.23614218245090446,-1.0965993100049292,-3.4171579833955037,-6.554132712456355,15.87637735827267,14.953392822107938,149588
MORN,179.64,2026-05-22,3.616542654438474,5.645730416372615,-3.5023635582294856,12.973955742433969,-15.153931097283934,-40.905192704534855,539907
MP,64.46,2026-05-22,4.4055717525105145,5.206463195691188,-6.836248012718607,16.479942175641472,16.627465170978812,221.0159362549801,6301957
MRSH,164.11,2026-05-22,-0.6116763565891418,1.9000310462589272,-6.490028490028482,-8.011120951558825,-8.3617975181576,-26.793897454358255,1870160
MSFT,418.57,2026-05-22,-0.12407836025674242,-0.579109998121181,-3.1052973209217742,5.600427881419316,-10.947631071249551,-7.243256371776886,21911688
MSOS,4.43,2026-05-22,-2.422907488986791,0.45351473922901525,-13.30724070450099,17.50663129973474,30.678466076696154,71.04247104247105,4480720
MSTR,159.89,2026-05-22,-3.0087958750379182,-9.880509525419908,-10.85526315789475,22.006867607783267,-6.222873900293263,-59.97346417663846,12654231
MU,751.0,2026-05-22,-1.4565017714210764,3.634808047912129,54.05760236317387,75.47130752059276,262.4531368846984,693.8387122688777,35452282
MVST,1.46,2026-05-22,5.797101449275368,2.8169014084507067,-29.468599033816425,-34.821428571428584,-57.05882352941176,-58.87323943661972,5378245
NEE,88.55,2026-05-22,-1.271044709555135,-5.152099400171382,-1.6111111111111143,-3.282708302614259,6.7967605183652955,36.21421396476426,8986898
NEM,107.64,2026-05-22,-0.6369426751592336,-1.3020355767467464,-3.763969602145725,-11.686014408864876,29.562024027472354,107.11909347875029,5004450
NET,216.17,2026-05-22,1.6553021396661094,9.419923061348443,4.148198111389471,22.033419893869258,15.983474621740527,36.634852411351986,2108826
NICE,94.46,2026-05-22,-0.9334032511798642,5.236185383244194,-10.549242424242426,-19.738295522134425,-10.132242412710498,-41.55064661840234,455568
NLR,130.85,2026-05-22,0.692574066948831,0.9022208513263321,-11.69523552436227,-11.832086786604679,10.817517382724828,52.07088351033291,347331
NOW,102.13,2026-05-22,2.4475875213160774,7.426107078994428,-0.9120015523430657,-2.052364054857582,-37.222625179794214,-49.72779270897939,23493497
NTLA,12.6,2026-05-22,1.8593371059013777,-7.827359180687639,-23.958961979480993,-0.31645569620253894,53.47137637028012,33.192389006342474,3182702
NTRA,203.19,2026-05-22,-0.24547105896214838,9.030907920154531,-2.2090672827028603,-4.209881199321142,-11.897845033170011,33.256820566631696,1028161
NU,12.73,2026-05-22,-3.267477203647414,4.4298605414274075,-14.27609427609427,-27.381631488876213,-19.88672120830711,3.918367346938779,49278985
NUE,232.0,2026-05-22,2.455396573043633,2.1936393269315433,8.279660225893778,29.321325030755624,53.32132316301889,112.77298223345598,1118951
NUKZ,70.76,2026-05-22,1.3027916964924995,2.521008403361358,-3.976116162301523,-2.3191606847045727,14.741046193162571,52.027208487398035,94393
NVDA,215.33,2026-05-22,-1.9042412646348588,-4.433694301437947,6.335802469135808,13.445203274648252,20.38998011857293,62.14767162630358,166941160
NVO,44.96,2026-05-22,1.2840729894120304,0.49172999552972474,14.840357598978295,-1.7104480744342287,-2.143867667863749,-30.85800054132526,9886909
NVT,164.66,2026-05-22,0.6663813657761224,-2.5738122004615076,17.678252249973017,41.0991267210006,64.30985569750861,156.011990553086,1472098
NXPI,316.47,2026-05-22,5.708464159262486,8.566037735849067,40.18604651162792,36.95802325521011,66.98889167962955,64.11516427851713,2894452
O,62.02,2026-05-22,-0.3374578177727684,1.472513089005245,-1.6629458622964128,-5.021661860576934,12.405369794092652,18.72333175724697,4331006
OGN,13.43,2026-05-22,0.0745156482861385,0.2238805970149206,47.15711734218686,66.46215248081904,87.26905110506867,55.91079534241169,2050691
OII,38.77,2026-05-22,0.75363825363827,2.4577167019027475,0.7798284377437075,11.440068985340627,60.538302277432734,104.16008425487102,692270
OKLO,65.88,2026-05-22,1.2137041020125856,5.831325301204812,-9.018091423836488,3.211655961146792,-25.280707723715558,65.86102719033232,10545684
OKTA,92.24,2026-05-22,3.130590339892662,11.4413434819379,17.204574332909772,24.162067573024615,17.234367056431097,-25.558873375837305,2991953
OLED,94.31,2026-05-22,2.9922463688981207,1.8026770293609689,-4.91985079141042,-8.901759564783971,-16.319662261862398,-34.178247065728925,546729
OMEX,1.08,2026-05-22,-1.8181818181818195,0.0,12.266112266112279,-28.476821192052977,-39.32584269662921,15.508021390374333,647230
ONDS,9.06,2026-05-22,-1.3071895424836517,-14.689265536723154,-18.083182640144667,-9.67098703888334,34.52115812917595,896.6996699669967,58615820
ONLN,57.3,2026-05-22,-0.2089864158829755,2.0480854853072104,-6.616688396349417,3.9753797913959845,1.5019813257611243,20.35893428780279,8020
ONTO,262.25,2026-05-22,0.30598584815452723,-3.5029620635095786,-11.801304903477492,21.18201561850192,106.20380562981599,176.54750606348205,812870
ORA,133.46,2026-05-22,-0.31371377352852364,1.56835049224044,24.84366478737008,15.363005350644421,23.19547612476104,88.93593647584791,625397
ORCL,192.08,2026-05-22,1.217263002582074,-0.4508940139932502,2.442666666666673,30.166720202541796,-2.7669504824192748,23.327901460955378,9467888
OXY,58.81,2026-05-22,-0.033996260411347984,-1.3586044951358522,3.0850131463628485,13.98391316988081,43.418386134678194,46.26005988679207,6390743
OZEM,31.2197,2026-05-22,0.5432997326978235,1.1983792544570442,-0.8237237523428306,-11.816230262972063,-2.4616028693185275,31.23310704302318,31255
PANW,260.58,2026-05-22,3.028625652380198,7.309640489231136,43.80794701986755,75.23873570948219,42.4712957900492,39.99140431932954,6624381
PATH,10.93,2026-05-22,3.4058656575212813,6.426484907497568,0.3673094582185413,1.2037037037036944,-15.987701767870869,-11.426256077795788,39275222
PAVE,54.94,2026-05-22,0.7334066740007308,-0.8482223425374462,-0.34463994195538694,-1.2580877066858425,19.07522719440645,34.68822397371936,1082645
PAWZ,47.5002,2026-05-22,0.892523364485984,2.9926279271465788,-10.326222390032093,-15.65146978914732,-11.334236786990273,-17.111152603833116,1802
PBE,82.1494,2026-05-22,0.12114564290067376,1.5946079643828845,1.3064496238747028,0.4652129780234496,3.1520948880637785,34.69234502479078,2586
PCT,11.32,2026-05-22,-0.08826125330979512,-10.087370929308973,57.66016713091923,25.917686318131256,36.5500603136309,23.715846994535518,3876275
PDFS,46.09,2026-05-22,3.387169134140882,3.109619686800896,5.2763819095477436,42.12149244526674,84.9518459069021,146.20726495726498,508280
PENN,16.88,2026-05-22,1.0778443113772438,4.19753086419753,14.285714285714283,29.64669738863287,22.31884057971013,15.143246930422913,3204056
PG,144.44,2026-05-22,0.7252440725244016,2.0272656636293034,1.8744216489493777,-9.486496919382567,-2.888339070567981,-9.958769544569915,4615776
PH,866.96,2026-05-22,0.25788396378060413,0.4914688427299713,-8.9593202654352,-14.997646394876012,3.688676590382014,33.03729251861648,501361
PHO,65.41,2026-05-22,0.8013561411619602,1.5998757378067743,-6.141483713588753,-10.131100602057055,-7.4098976993320145,-2.5798975904870645,97782
PICK,63.57,2026-05-22,0.12600409513308913,1.0491177873152182,0.410677618069812,3.466796875000004,43.79262375733723,80.24531736445451,486054
PL,44.35,2026-05-22,4.402071563088524,6.559346468044219,12.363820623258178,85.56485355648537,297.40143369175627,1101.8970189701897,8895499
PLD,145.9,2026-05-22,0.8781027449353594,3.821248132071447,3.167868759722824,3.931739855792053,17.830909817761864,43.65651618671212,2258455
PLTR,136.88,2026-05-22,-0.38933158679910973,2.1568773789088636,-10.313196173502822,1.2126589766341218,-11.604778818211171,11.930656635865557,27261935
PLUG,3.78,2026-05-22,0.0,0.0,18.49529780564263,102.13903743315507,90.9090909090909,372.5590698837354,70334451
PNR,74.82,2026-05-22,0.5239822652156205,2.9444138690148405,-16.495535714285715,-26.444854285703055,-28.202874379979725,-22.59746439969586,754280
PODD,154.87,2026-05-22,-1.2875262923067001,5.025091550250913,-20.013428364838344,-35.975029972301456,-53.23549838451551,-51.753894080996886,942040
POWL,279.22,2026-05-22,3.128347183748856,-4.556257697420567,15.053783378968353,53.240261543510655,197.2348071944407,384.7535781001521,401071
POWR,27.75,2026-05-22,1.1666059059423999,0.9457984721717044,3.275027912169702,5.014985922315396,17.932546833033012,31.547760132732883,349968
PPA,170.24,2026-05-22,1.3755731554814519,3.4327723433987516,0.3773584905660465,-5.72124301313223,16.411219350082963,31.54468416217148,194643
PSI,153.75,2026-05-22,2.0103503184713385,3.6610032362459597,23.892022562449643,52.428747615667405,118.85061790603729,197.97146838401594,290262
PTC,148.23,2026-05-22,1.6387822270981802,4.453526883235849,5.4267425320056875,-4.4663573085846915,-13.879851266558225,-12.995245641838359,896927
PWR,723.44,2026-05-22,0.9108535241522766,-6.045533058870888,17.86633647235167,30.927162445491508,68.2600951638015,118.88490449351856,774701
PYPL,44.23,2026-05-22,-0.15801354401805934,-0.4053141184417918,-13.64701288559157,6.515943676353365,-26.7560012717927,-37.765583227803575,10631026
QBTS,29.4,2026-05-22,14.219114219114221,44.47174447174446,38.4180790960452,62.7906976744186,44.047035766780986,54.41176470588235,133923761
QCLN,63.4,2026-05-22,2.093397745571654,3.62863680941484,12.891737891737895,26.38873106910114,52.533279441449096,108.5005064523343,575208
QCOM,238.16,2026-05-22,11.597394686284616,18.199414362995675,75.02755934445506,67.7555232322663,47.52833056851927,65.39336829261346,29938766
QS,8.2,2026-05-22,-2.147971360381879,2.372034956304613,12.175102599179203,19.1860465116279,-28.50915431560594,106.54911838790927,20796107
QTUM,153.44,2026-05-22,2.752293577981641,7.240704500978462,17.804222648752397,31.097566185303478,52.17587500632249,78.52364298063745,1685453
RACE,348.24,2026-05-22,-0.32914508142762455,8.418430884184316,-2.8835964080539838,-4.003916587276376,-9.48953752179006,-28.30090395957146,638568
RBLX,48.16,2026-05-22,4.377980060684863,12.392065344224026,-19.24882629107982,-22.322580645161295,-46.03921568627452,-41.13189096687447,10122428
RBRK,66.59,2026-05-22,2.778206513350821,4.422142073075114,20.546705286024622,32.64940239043825,0.0,-26.91252332345516,1869478
RCAT,9.41,2026-05-22,4.208194905869334,-0.8429926238145424,-30.553505535055354,-24.538893344025663,47.95597484276729,39.82169390787518,9383966
RDW,17.49,2026-05-22,13.94136807817589,24.395448079658593,46.60519698239731,118.89862327909886,229.99999999999997,37.60818253343822,51568951
REAL,9.2,2026-05-22,-0.755124056094933,1.5452538631346444,-24.83660130718955,-17.191719171917192,-31.952662721893493,75.57251908396945,2063879
REMX,96.82,2026-05-22,1.1703239289446083,0.2588795692243968,-6.724470134874763,8.786516853932577,42.96282405472808,164.52178712034075,1059515
RIOT,24.49,2026-05-22,0.08173273395994923,4.257130693912304,32.521645021645014,56.18622448979591,92.68292682926827,173.93736017897092,10895392
RIVN,14.22,2026-05-22,0.49469964664311156,3.118201595358967,-19.84216459977451,-6.876227897838893,-4.306864064602952,-10.622250157133875,26984050
RKLB,135.76,2026-05-22,8.218413710641679,8.808207101065959,50.777432252332275,91.58904882867625,236.87344913151364,425.79395817195973,32687835
RL,377.78,2026-05-22,0.7682048546278997,15.596217985985733,0.6634869034613105,-1.6137450114121699,11.73818871029615,37.76941765452836,745154
RNRG,37.8979,2026-05-22,-0.569592024137484,0.6584329349269624,0.041972440737030846,1.7551726174813813,17.243480870310382,42.565493476985125,74486
ROBO,87.3,2026-05-22,2.41670577193806,2.717966819625841,9.769898151640884,11.06870229007634,36.82913755325051,56.51921349543441,293426
ROBT,55.8688,2026-05-22,1.7646630236794203,4.077496274217586,7.979899497487433,9.776983082152752,13.347129235138977,25.35068431680503,101893
ROK,452.29,2026-05-22,2.7348097671777443,1.102020743919887,11.465089806177566,14.160477894453619,20.207187235803463,49.75126437162181,840399
ROKT,125.39,2026-05-22,4.2137632978723465,6.651356638598288,9.405811011255564,21.544808440186262,70.22206655752038,119.72764916474054,52964
ROP,326.94,2026-05-22,0.8824981486052869,1.882206294795893,-10.361089024758046,-2.388953775822411,-25.98545698218797,-42.10462286458336,1015494
RSG,208.93,2026-05-22,0.4036714882983341,0.29281874039939215,1.7731014662185276,-4.545128502916913,-4.044215073596108,-15.847278902248634,1361167
RSPT,60.94,2026-05-22,2.713635597505477,5.14147688060731,15.701537877349528,29.687443471895026,43.496955340281346,63.53980210986202,445510
RTX,177.01,2026-05-22,1.0042796005706083,3.405771702301661,-2.155768061467031,-13.619949248487215,4.66637850546037,34.256745072221484,4217177
S,18.71,2026-05-22,3.3130866924351263,10.972716488730732,27.887901572112096,44.25597532767926,19.171974522293002,-5.457301667508834,6873131
SATS,124.2,2026-05-22,-3.301152289006536,-9.495008380091807,1.5037593984962434,12.540775643349042,80.97042109864493,492.8400954653938,10745109
SCCO,179.67,2026-05-22,0.3070567217507721,1.6348003167779082,-2.814154179689158,-9.244512467703688,49.390614008976556,111.16108628022947,867272
SERV,8.7,2026-05-22,-1.248581157775269,5.582524271844648,-11.405295315682292,-8.324552160168608,0.46189376443417024,-25.193465176268283,3809320
SHOP,103.0,2026-05-22,-1.7737936296013728,2.7124052652572783,-21.946044255835105,-18.383518225039623,-30.31123139377538,-0.28076290057121334,10336396
SIMS,46.2804,2026-05-22,1.250525063007569,2.116899450585826,1.7934675024744238,1.696166650186234,14.169135622781322,41.12115335358044,722
SKYY,133.03,2026-05-22,2.5121368575171386,3.525291828793775,8.951678951678959,19.38436686709144,6.894335074327038,16.28496503496503,717216
SK하이닉스,999999.9999,2026-05-22,0.0,0.0,0.0,5.568519003719652,92.43046607131305,410.829967398479,2992389
SMCI,35.58,2026-05-22,6.3359234907351984,14.626288659793813,21.93283070596298,9.74706971005551,10.531220876048465,-13.891577928363994,38454885
SMH,576.32,2026-05-22,1.486229485102496,3.5913290433907354,20.8648784682172,38.862250921620145,77.26465189297193,140.0703148756785,7467516
SMHX,60.29,2026-05-22,2.5340136054421802,8.279454022988505,23.621078531884347,52.09768157622542,67.93170201802154,118.64403706322871,127324
SN,112.03,2026-05-22,-0.16041351038231227,6.058884786518988,-4.492753623188403,-14.245254133496621,28.01965489658324,17.468805704099818,953660
SNOW,172.2,2026-05-22,4.023196810438563,9.35416269765669,10.689721668702191,-0.17391304347826747,-26.41968978336111,-15.247563736588255,5763902
SNPS,524.74,2026-05-22,4.119211079804752,4.442498308188367,9.948455768344303,19.275355730326865,35.11690184365022,4.222610630015093,1845271
SNSR,50.38,2026-05-22,2.8163265306122502,7.546162877574989,15.659220826924415,25.0,43.98852207414352,43.2031107877024,43447
SOFI,15.62,2026-05-22,-0.19169329073483155,0.06406149903907615,-18.048268625393494,-17.87592008412198,-37.991266375545855,18.423047763457163,57055585
SOXQ,96.05,2026-05-22,1.9963895083359833,5.341083570958532,23.172608361118225,47.897560344668285,90.82301240101242,156.81886849964837,1338906
SOXX,537.33,2026-05-22,2.4051380762707026,5.665460552190683,24.44820158880887,49.58713416462352,98.81428496899184,162.8254135490602,7575576
SRAD,13.03,2026-05-22,0.23076923076922584,4.323458767013604,-0.07668711656441556,-26.632882882882893,-39.815242494226325,-45.04428511176719,1874696
STLD,240.03,2026-05-22,3.532608695652173,4.661201709252636,5.526246372988655,24.501214513159958,52.68005885080635,87.29575609649521,1146790
STRL,732.94,2026-05-22,-0.11311446366026509,-13.653927713114363,50.23264394203375,68.29850746268657,132.60552205649,302.073618958802,516642
SVCO,9.74,2026-05-22,2.742616033755272,-3.4687809712586684,10.305775764439412,174.3661971830986,127.57009345794393,110.82251082251082,511001
SYK,316.48,2026-05-22,0.9505582137161142,3.16860086060765,-3.9076969788978304,-16.54094274874282,-13.615848740390343,-15.530031171788607,1465314
SYM,54.03,2026-05-22,6.045142296368986,14.180050718512257,-14.53653906991458,0.43684357282275194,0.7270693512304262,83.58817533129461,2920721
TALK,5.2,2026-05-22,0.19267822736030416,0.0,0.19267822736030416,4.208416833667334,57.57575757575759,88.4057971014493,994114
TDOC,6.57,2026-05-22,0.0,3.3018867924528292,10.979729729729735,38.607594936708864,-5.603448275862064,-4.782608695652175,1810981
TDUP,4.29,2026-05-22,-3.378378378378386,4.634146341463424,-2.054794520547942,-7.543103448275855,-39.0625,-42.8,1121283
TECK,62.66,2026-05-22,-0.5396825396825451,2.1352893235533745,5.737428282146471,5.675727637929919,57.72727730398623,78.14395942434425,2816211
TER,358.44,2026-05-22,1.4146672702580354,6.12507860787961,-6.9070675726285415,10.3818156398259,125.91178700610158,357.838589033537,2703313
THNQ,84.7174,2026-05-22,2.779324610410479,7.531224614134839,18.950028783645266,33.20345911949685,40.382152095274535,68.59788012306909,21076
TLRY,5.29,2026-05-22,-3.1135531135531123,-0.5639097744360949,-32.78271918678526,-31.74193548387097,-41.86813186813186,17.555555555555557,2028998
TMC,5.4,2026-05-22,2.6615969581749157,-0.3690036900368925,-5.923344947735189,-8.006814310051102,4.448742746615095,25.581395348837223,5511822
TPR,138.49,2026-05-22,-0.4456904607864312,7.090937210021664,-5.254156119586768,-11.604008425352639,32.407592426694926,77.86459738051389,1321300
TRMB,56.34,2026-05-22,0.6610684295158202,2.1948122619263577,-18.45419018671298,-16.681455190771963,-26.85966506555887,-20.412487639497108,2126017
TRV,306.46,2026-05-22,-0.2506265664160527,2.2351214304777116,1.5844603553434013,0.8677071604354781,6.454521833493806,14.843674173139409,943428
TSLA,426.01,2026-05-22,1.9528538949383674,0.8928571428571385,9.935227478000568,3.4456801515225095,8.92889104809635,24.914965986394545,45068466
TSMC,404.52,2026-05-22,-0.6459535797617575,0.042042784716201084,4.408424530249841,9.416286884245999,47.77612494264596,108.36681460236615,7085377
TT,451.02,2026-05-22,0.75507103922795,-3.3390484354907928,-5.484188687944009,-3.2137614915149486,10.499565738813642,7.2892306133270095,942393
TTEK,27.65,2026-05-22,1.4678899082568755,5.614973262032081,-11.904238473474097,-23.66812612841423,-15.823122003196586,-21.23494490719112,2316712
TTWO,227.55,2026-05-22,-4.42288306451613,-6.141725787823786,4.2898391310325925,13.934508311636298,-3.3634857943687044,0.6813857793903015,6897866
TXT,91.83,2026-05-22,1.7619680851063868,3.4471105103075392,2.649228705566739,-8.851788621114071,12.96106084742323,25.091438122443293,843680
TYL,313.25,2026-05-22,1.4607760575241273,0.43605117188752884,-9.56463999076159,-1.186082457966623,-33.741565666180165,-44.79397976807303,357703
U,25.57,2026-05-22,0.11746280344558002,-5.8541973490427095,-0.9682416731216111,40.109589041095894,-34.04694351302554,16.971637694419034,7735183
UFO,61.9,2026-05-22,4.986431478968789,10.044444444444443,13.975326827471912,38.63381858902576,95.45557885164322,155.4705362817687,2031067
ULTA,515.04,2026-05-22,2.180339252058318,4.200048555474628,-8.666276533489388,-24.57936124412424,-0.10473641335972637,25.500134018860106,471916
URA,48.96,2026-05-22,0.20466639377814455,-1.9427198077308208,-15.191408279923776,-9.933774834437084,23.340160372438927,79.86377963748043,2789163
URI,938.62,2026-05-22,0.6908536977836957,-2.344067003069237,17.16123356441789,3.459275544780946,17.83464558526829,34.51151406063924,256551
URNM,58.22,2026-05-22,0.24104683195592386,-3.208645054031587,-18.413677130044846,-20.778337188733158,18.487945652660574,64.23455470206744,460432
V,328.88,2026-05-22,-0.6764919062575528,0.9608595548733677,5.869703778577538,2.683226865988521,0.6895001927269484,-7.398465069303326,7461064
VCR,394.75,2026-05-22,0.4810874102733763,2.6150926720216283,-0.06329113924050633,1.7814525960136218,6.726081799627496,12.612998121737851,46761
VEEV,160.17,2026-05-22,1.2004801920768162,0.8246254563766674,-2.204176334106737,-11.169652265542684,-34.37269523887569,-31.995924086103688,1764230
VEGI,43.84,2026-05-22,-0.11392116655273901,-2.6426826560071013,-2.9444321452291304,-7.039864291772675,14.112879085639321,12.783018746575234,20954
VFF,2.6,2026-05-22,-0.7633587786259549,-0.38314176245209913,-16.129032258064516,-28.37465564738292,-26.136363636363637,114.87603305785126,382530
VHT,279.27,2026-05-22,0.9871989585593264,3.196363905106783,1.8973255007844672,-3.310106339148283,-2.0308763933947738,18.636111648021135,237983
VKTX,30.89,2026-05-22,0.6844850065189076,2.048232573505124,-9.810218978102188,-0.45117628101837115,-9.8365440747227,11.39560043274432,1203345
VMC,260.65,2026-05-22,-0.5456349206349232,-2.680804988238811,-10.154768880769376,-14.460408115579037,-9.271502201467055,-3.3798338348141805,800268
VMI,513.43,2026-05-22,1.4483303694921807,1.3182042427232266,10.001071237279046,9.15651436459588,31.01641258521054,65.46576180381302,104829
VNQ,96.77,2026-05-22,0.10344470880313883,3.0454690661271426,2.3804485823106223,3.081911611814626,10.188665495359356,15.651494255071475,3549402
VRNS,31.0,2026-05-22,1.108936725375081,10.00709723207949,23.35853561480303,30.85690164626424,-1.1164274322169103,-33.704020530367835,1502015
VRT,327.46,2026-05-22,1.2554112554112562,-11.721572221922688,7.314675231041487,34.37453835168983,105.00537148380664,214.64936572391647,4782624
VRTX,434.52,2026-05-22,0.2260460395811139,-0.5561277033985598,-0.7197203372403944,-8.886559027049696,1.8183522354484936,0.11289542197544158,1708254
VSAT,74.56,2026-05-22,5.370265686828713,7.280575539568349,18.1991122384274,60.34408602150538,145.66721581548597,639.6825396825398,2227256
VST,156.27,2026-05-22,4.822913871746711,11.877147766323027,0.3081070672058657,-8.702929603631553,-7.051798681821178,1.5181270305087173,5828563
VUZI,5.14,2026-05-22,9.361702127659562,71.33333333333333,103.96825396825395,86.23188405797102,136.8663594470046,116.87763713080166,4973350
WCLD,30.2101,2026-05-22,2.095640419060496,5.548529103486831,7.166016317843205,10.740835777126097,-9.076927707217235,-15.11632481033999,505716
WCN,155.71,2026-05-22,-0.03851832830455304,-0.5746759466189935,-0.28982611713687506,-4.420498245980169,-10.788817979052466,-19.461830617952394,615822
WELL,216.17,2026-05-22,0.07407064487755038,1.136895293347047,8.616896944336409,4.5571881918140935,8.876916250346893,49.417453717015775,1552558
WM,217.9,2026-05-22,0.06888633754305658,-0.8734419070148247,-2.6928057875228872,-5.012208045496488,1.381373557095065,-5.193804486913131,1897891
WMT,120.27,2026-05-22,-0.8818196802373557,-8.50513503233168,-7.293783202962417,-1.8238543463372343,14.881264524929136,26.420881572004284,30276543
WQTM,38.31,2026-05-22,5.102880658436212,12.643340194060585,22.239948947032552,45.44419134396357,58.305785123966956,0.0,1454722
WT,19.08,2026-05-22,-0.5213764337852004,-1.700154559505419,10.994764397905742,16.483516483516482,74.40585009140767,101.26582278481008,1968821
WTRG,37.44,2026-05-22,1.2165450121654386,1.1618481491488781,-3.0159852658900803,-2.31404053028031,-4.9488058939864406,0.6530078957768181,908607
WTS,302.44,2026-05-22,0.6422415227446697,1.8968363599609164,0.6321953816463622,-7.276853888077974,11.376298619875156,27.47960132487066,177034
XBI,131.66,2026-05-22,-0.843500527187833,0.7422144004897077,-4.114776782463045,5.5137041192498755,13.240912601685451,66.74328803174278,6444888
XLI,171.77,2026-05-22,0.727144783908995,0.21586931155192796,0.42680074836296666,-2.8084108606522475,15.513371091327993,23.21104760593123,6894074
XLRE,44.56,2026-05-22,0.1348314606741624,3.076567198704616,2.5310630464795243,2.983422349898659,10.88024883359254,13.486448352969344,3715733
XLU,45.35,2026-05-22,0.777777777777781,3.3736038294962483,1.0697570759973345,-1.4308287852409174,4.388458572628819,16.455540176519392,14340435
XLV,149.89,2026-05-22,1.1744853189335003,3.3011716057891056,2.397868561278857,-4.026175261560534,-2.2397653076065676,16.861904297826722,6412149
XLY,119.18,2026-05-22,0.4043807919123875,2.274092508366949,0.21020768519297064,1.6768403226563315,6.125123996673244,13.024033017660125,5288632
XME,117.07,2026-05-22,1.464725255676892,1.2803875767799895,-3.8913061325014437,-0.2703018128877681,32.25797705283991,101.99109700127677,1339054
XOM,154.92,2026-05-22,-0.23826389336081172,-1.8996960486322192,4.328782473949789,5.901340583004227,34.105835577519855,55.247416802035474,12918163
XSD,603.93,2026-05-22,4.748937646344635,9.89136961624541,36.998389401810215,69.2720011839202,104.68088957033382,167.48130957020868,160519
XSW,165.03,2026-05-22,1.9521838512386462,5.315890236119983,5.2487244897959116,10.454454186466773,-7.515131136516475,-8.231985181881726,38510
XT,80.98,2026-05-22,1.1744127936031956,2.3508594539939325,7.657537888859353,11.835381853335186,22.57458083519638,43.12983845310898,70287
XYL,110.28,2026-05-22,1.4535418583256654,1.9977802441731376,-9.204676436686968,-14.001771744419623,-20.958135334465773,-10.888520957924158,1030090
ZBRA,255.55,2026-05-22,5.485841657723116,-1.4652014652014695,10.57983556901775,0.05481382874594369,6.059348412533731,-11.378138438063532,1383283
ZS,182.37,2026-05-22,6.6428863809134056,13.238124805960878,27.835412869760273,14.159624413145544,-33.68604778008072,-27.86567518392532,3987876
ZTS,81.32,2026-05-22,1.5611340077432247,9.566154675289672,-30.80326752893125,-36.578894622854214,-32.801496678913125,-49.01321255007296,6326827
삼성바이오로직스,999999.9999,2026-05-22,0.0,0.0,0.0,0.0,0.0,0.0,65301
